_key,subset,action/0,action/1,action/2
10146,train,81,1,46
10147,train,81,1,72
10148,train,81,1,34
10149,train,81,1,43
10151,val,81,1,34
10156,test,81,1,55
10157,train,81,1,46
10158,train,81,1,36
10159,test,81,1,49
10160,train,81,1,82
10161,train,81,1,70
10162,train,81,1,48
10164,train,81,1,53
10166,train,81,1,80
10888,test,82,1,43
10892,train,82,1,203
10893,train,82,1,50
10894,train,82,1,39
10895,train,82,1,108
10896,train,82,1,46
10898,val,82,1,39
10899,train,82,1,48
10900,train,82,1,39
10901,val,82,1,56
10902,train,82,1,88
10903,train,82,1,66
10904,val,82,1,79
11305,test,6,1,52
11309,train,6,1,58
11310,train,6,1,76
11311,test,6,1,79
11312,train,6,1,55
11313,train,6,1,31
11314,val,6,1,49
11315,val,6,1,73
11316,train,6,1,86
11317,train,6,1,80
11318,test,6,1,123
11319,val,6,1,93
11320,train,6,1,92
11321,train,6,1,118
11322,train,6,1,87
11323,train,6,1,98
11324,train,6,1,89
11325,val,6,1,77
11326,train,6,1,78
11327,train,6,1,71
11328,train,6,1,78
11329,train,6,1,88
11330,train,6,1,71
11752,test,55,1,54
11767,train,55,1,63
11768,train,55,1,58
11769,train,55,1,45
11770,train,55,1,78
11771,train,55,1,55
11772,test,55,1,61
11773,train,55,1,48
11774,train,55,1,58
11775,train,55,1,88
11776,train,55,1,64
11777,train,55,1,89
11778,val,55,1,72
11779,train,55,1,53
11780,train,55,1,77
12306,test,2,1,52
12311,train,2,1,62
12312,val,2,1,86
12313,train,2,1,69
12314,train,2,1,38
12315,val,2,1,49
12316,train,2,1,38
12317,train,2,1,46
12318,train,2,1,39
12319,train,2,1,35
12320,test,2,1,87
12321,train,2,1,55
12322,train,2,1,53
12323,train,2,1,55
12324,train,2,1,62
12326,val,2,1,63
12327,train,2,1,40
12328,train,2,1,75
12329,train,2,1,102
12330,train,2,1,88
12331,train,2,1,67
12332,test,2,1,77
12333,val,2,1,86
12335,val,2,1,64
12336,test,2,1,78
12337,train,2,1,76
12338,train,2,1,91
13154,test,83,1,46
13155,val,83,1,105
13156,train,83,1,85
13157,train,83,1,40
13158,train,83,1,73
13159,val,83,1,55
13160,train,83,1,43
13161,train,83,1,48
13162,val,83,1,65
13164,train,83,1,58
13165,train,83,1,69
13166,train,83,1,75
13167,train,83,1,74
13168,train,83,1,66
13196,test,20,1,27
13197,val,20,1,27
13198,test,20,1,28
13199,train,20,1,48
13200,train,20,1,24
13201,train,20,1,78
13202,train,20,1,65
13203,val,20,1,56
13205,train,20,1,80
13206,train,20,1,79
13207,val,20,1,30
13208,train,20,1,49
13209,train,20,1,58
13213,train,20,1,48
13214,train,20,1,76
13216,train,20,1,61
13217,train,20,1,63
13309,val,56,1,46
13323,train,56,1,57
13325,test,56,1,81
13326,train,56,1,77
13327,train,56,1,74
13328,train,56,1,34
13329,train,56,1,73
13330,train,56,1,15
13331,train,56,1,20
13333,train,56,1,28
13334,test,56,1,36
13335,val,56,1,60
13336,val,56,1,63
13337,train,56,1,68
13630,train,9,1,90
13631,train,9,1,61
13632,train,9,1,61
13633,val,9,1,80
13634,val,9,1,82
13635,test,9,1,90
13636,train,9,1,112
13637,train,9,1,34
13638,train,9,1,29
13639,val,9,1,32
13640,train,9,1,51
13641,val,9,1,38
13642,train,9,1,34
13643,train,9,1,64
13644,train,9,1,96
13645,train,9,1,70
13646,train,9,1,62
13647,train,9,1,68
13648,train,9,1,60
13681,test,57,1,33
13695,train,57,1,61
13696,val,57,1,73
13697,train,57,1,39
13698,val,57,1,40
13699,train,57,1,66
13700,train,57,1,55
13701,train,57,1,55
13702,train,57,1,44
13703,val,57,1,76
13704,train,57,1,61
13705,train,57,1,66
13706,train,57,1,92
13707,train,57,1,124
13708,test,57,1,74
13709,train,57,1,56
13710,test,57,1,67
14621,test,58,1,52
14622,train,58,1,92
14623,train,58,1,88
14624,train,58,1,41
14625,train,58,1,67
14626,test,58,1,57
14627,train,58,1,41
14628,train,58,1,73
14629,train,58,1,65
14630,train,58,1,64
14631,train,58,1,56
14632,val,58,1,64
14633,train,58,1,92
14669,val,59,1,41
14671,train,59,1,77
14672,val,59,1,42
14673,test,59,1,47
14674,train,59,1,37
14675,train,59,1,67
14676,train,59,1,71
14677,train,59,1,47
14678,train,59,1,57
14679,train,59,1,29
14680,train,59,1,31
14681,train,59,1,43
14682,test,59,1,79
14683,val,59,1,91
14684,train,59,1,68
14685,test,59,1,84
14855,test,10,1,41
14882,train,10,1,92
14883,test,10,1,22
14884,train,10,1,33
14885,train,10,1,23
14886,train,10,1,33
14887,val,10,1,53
14888,test,10,1,57
14889,train,10,1,55
14891,val,10,1,55
14893,train,10,1,38
14894,train,10,1,34
14895,train,10,1,89
14896,train,10,1,101
14898,train,10,1,79
14899,train,10,1,64
14900,train,10,1,84
14901,val,10,1,56
14903,val,10,1,70
15031,test,84,1,52
15032,train,84,1,58
15033,train,84,1,45
15034,train,84,1,30
15035,train,84,1,65
15036,train,84,1,55
15037,val,84,1,40
15038,train,84,1,45
15039,train,84,1,83
15040,val,84,1,58
15041,train,84,1,81
15042,train,84,1,66
15043,val,84,1,68
17007,train,60,1,43
17013,train,60,1,74
17014,train,60,1,75
17015,train,60,1,93
17016,val,60,1,89
17017,train,60,1,73
17018,train,60,1,55
17019,train,60,1,41
17020,test,60,1,47
17022,val,60,1,82
17023,val,60,1,61
17024,test,60,1,64
17025,train,60,1,57
17026,train,60,1,88
17076,train,36,1,54
17083,val,36,1,62
17084,train,36,1,58
17085,train,36,1,58
17086,train,36,1,66
17087,train,36,1,82
17088,train,36,1,55
17090,train,36,1,44
17091,train,36,1,40
17092,train,36,1,68
17093,train,36,1,68
17095,train,36,1,89
17096,val,36,1,60
17097,test,36,1,74
17709,train,1,1,105
17710,train,1,1,60
17711,train,1,1,69
17712,train,1,1,45
17713,test,1,1,78
17714,train,1,1,55
17715,train,1,1,55
17716,test,1,1,57
17717,train,1,1,46
17718,test,1,1,58
17719,train,1,1,48
17720,train,1,1,35
17721,train,1,1,42
17722,train,1,1,42
17723,train,1,1,51
17724,val,1,1,26
17725,train,1,1,59
17726,train,1,1,65
17727,train,1,1,82
17728,train,1,1,58
17729,train,1,1,61
17730,test,1,1,69
17731,train,1,1,61
17732,train,1,1,55
17733,train,1,1,79
17734,val,1,1,76
18316,test,61,1,49
18323,val,61,1,87
18324,train,61,1,58
18325,train,61,1,62
18326,test,61,1,48
18328,train,61,1,55
18329,train,61,1,43
18331,train,61,1,46
18332,train,61,1,59
18333,train,61,1,85
18334,train,61,1,61
18335,train,61,1,72
19255,test,62,1,66
19257,val,62,1,71
19258,train,62,1,52
19259,train,62,1,41
19260,train,62,1,38
19261,train,62,1,75
19262,test,62,1,55
19263,train,62,1,55
19264,train,62,1,56
19265,train,62,1,113
19266,train,62,1,65
19267,val,62,1,79
19268,train,62,1,72
19269,train,62,1,81
20976,test,37,1,35
20978,train,37,1,105
20979,train,37,1,81
20980,train,37,1,71
20981,train,37,1,67
20982,train,37,1,37
20983,train,37,1,75
20984,train,37,1,55
20985,train,37,1,53
20986,train,37,1,52
20987,train,37,1,36
20988,train,37,1,61
20989,val,37,1,61
20990,train,37,1,62
20991,test,37,1,64
20992,train,37,1,71
21869,train,11,1,84
21870,train,11,1,56
21871,train,11,1,68
21872,val,11,1,66
21874,val,11,1,77
21875,train,11,1,55
21876,train,11,1,55
21878,train,11,1,33
21883,train,11,1,28
21884,train,11,1,57
21885,train,11,1,120
21886,val,11,1,67
21887,val,11,1,68
21888,train,11,1,60
21889,train,11,1,64
21890,test,11,1,64
21891,train,11,1,66
21933,test,21,1,46
21941,train,21,1,56
21942,val,21,1,58
21943,train,21,1,29
21944,test,21,1,28
21945,train,21,1,59
21946,val,21,1,55
21949,val,21,1,38
21950,train,21,1,26
21951,train,21,1,26
21952,val,21,1,72
21953,train,21,1,44
21954,train,21,1,68
21955,train,21,1,64
21956,train,21,1,46
22109,test,38,1,43
22113,val,38,1,79
22114,val,38,1,86
22115,train,38,1,53
22116,train,38,1,31
22117,test,38,1,67
22118,train,38,1,55
22119,train,38,1,51
22120,train,38,1,29
22121,train,38,1,43
22124,train,38,1,83
22125,train,38,1,126
22126,test,38,1,75
22127,train,38,1,46
22128,val,38,1,68
22129,train,38,1,77
22130,train,38,1,73
22952,train,63,1,48
22953,train,63,1,39
22954,test,63,1,45
22955,train,63,1,57
22956,train,63,1,18
22959,train,63,1,20
22960,train,63,1,36
22961,train,63,1,45
22962,val,63,1,73
22963,train,63,1,62
22964,val,63,1,69
22965,train,63,1,73
22966,train,63,1,53
22967,train,63,1,65
23766,train,85,1,65
23767,test,85,1,80
23768,train,85,1,27
23769,train,85,1,86
23771,train,85,1,78
23772,train,85,1,55
23773,train,85,1,55
23774,train,85,1,48
23775,val,85,1,43
23776,val,85,1,33
23777,train,85,1,63
23778,val,85,1,62
23779,train,85,1,64
23780,train,85,1,58
23782,train,85,1,63
24636,test,64,1,79
24638,train,64,1,27
24639,val,64,1,21
24640,train,64,1,36
24641,val,64,1,45
24642,val,64,1,27
24643,train,64,1,32
24645,train,64,1,31
24648,train,64,1,34
24649,test,64,1,61
24651,train,64,1,25
24652,train,64,1,64
24655,train,64,1,54
24656,train,64,1,68
24657,train,64,1,53
24658,val,64,1,56
24659,train,64,1,59
24660,train,64,1,60
24857,test,5,1,35
24940,train,5,1,88
24941,train,5,1,57
24943,train,5,1,53
24946,val,5,1,34
24947,train,5,1,54
24948,val,5,1,18
24950,train,5,1,55
24951,train,5,1,55
24952,val,5,1,29
24954,train,5,1,52
24955,train,5,1,52
24956,train,5,1,39
24960,test,5,1,39
24961,train,5,1,39
24962,train,5,1,37
24965,train,5,1,72
24969,train,5,1,77
24970,train,5,1,77
24971,train,5,1,72
24972,train,5,1,50
24973,train,5,1,92
25318,test,39,1,27
25321,train,39,1,92
25322,train,39,1,49
25323,train,39,1,28
25324,train,39,1,28
25325,train,39,1,28
25326,train,39,1,55
25327,train,39,1,31
25328,train,39,1,30
25329,train,39,1,43
25330,val,39,1,51
25332,train,39,1,94
25333,train,39,1,68
25337,train,39,1,80
25338,train,39,1,68
25339,train,39,1,74
26688,test,40,1,49
26712,train,40,1,78
26713,train,40,1,58
26714,train,40,1,35
26715,train,40,1,75
26716,train,40,1,53
26717,train,40,1,32
26719,train,40,1,28
26721,val,40,1,122
26722,train,40,1,56
26723,test,40,1,70
26724,train,40,1,92
26726,train,40,1,67
26736,train,40,1,62
26739,train,40,1,84
26741,train,40,1,56
26971,train,41,1,101
26972,train,41,1,53
26973,train,41,1,28
26974,train,41,1,39
26975,train,41,1,66
26976,train,41,1,67
26977,train,41,1,75
26978,train,41,1,59
26980,train,41,1,48
26981,train,41,1,78
26982,val,41,1,102
26983,train,41,1,89
26984,test,41,1,68
26985,train,41,1,52
26986,train,41,1,52
27194,test,12,1,41
27206,train,12,1,61
27207,train,12,1,50
27208,train,12,1,58
27209,test,12,1,51
27210,train,12,1,38
27211,train,12,1,24
27212,train,12,2,52
27213,test,12,1,43
27214,train,12,1,46
27215,train,12,1,27
27216,train,12,1,46
27217,train,12,1,54
27218,train,12,1,94
27219,val,12,1,72
27220,val,12,1,63
27221,train,12,1,66
28074,test,22,1,33
28107,train,22,1,81
28108,train,22,1,59
28109,train,22,1,51
28110,train,22,1,31
28111,train,22,1,31
28112,val,22,1,67
28113,train,22,1,55
28114,train,22,1,55
28115,train,22,1,29
28116,train,22,1,38
28118,train,22,1,47
28119,test,22,1,95
28120,train,22,1,62
28121,test,22,1,48
28122,train,22,1,76
28123,train,22,1,68
28124,train,22,1,56
28125,train,22,1,61
28187,test,86,1,33
28201,test,86,1,72
28202,train,86,1,68
28203,val,86,1,69
28204,train,86,1,79
28205,train,86,1,57
28206,val,86,1,37
28207,train,86,1,53
28208,train,86,1,55
28210,train,86,1,24
28211,train,86,1,28
28212,train,86,1,65
28213,train,86,1,63
28214,train,86,1,69
30830,test,87,1,35
30831,train,87,1,67
30832,train,87,1,76
30833,val,87,1,37
30834,train,87,1,48
30835,train,87,1,58
30837,train,87,1,48
30838,train,87,1,72
30840,train,87,1,38
30841,val,87,1,81
30842,train,87,1,80
30843,train,87,1,77
30847,train,87,1,108
30848,train,87,1,69
30849,val,87,1,66
31746,val,42,1,71
31749,test,42,1,49
31750,test,42,1,28
31751,val,42,1,33
31752,train,42,1,27
31753,train,42,1,50
31754,train,42,1,55
31755,train,42,1,29
31756,train,42,1,30
31757,val,42,1,47
31758,test,42,1,72
31759,val,42,1,56
31762,train,42,1,159
31763,train,42,1,81
31764,train,42,1,81
31765,train,42,1,48
31766,train,42,1,60
31767,train,42,1,93
32146,train,43,1,24
32154,val,43,1,71
32155,train,43,1,43
32156,val,43,1,45
32157,test,43,1,50
32158,train,43,1,47
32160,train,43,1,98
32161,train,43,1,55
32162,train,43,1,13
32163,train,43,1,33
32164,train,43,1,87
32165,train,43,1,64
32166,test,43,1,50
32167,test,43,1,79
32246,test,65,1,97
32248,train,65,1,29
32249,train,65,1,77
32250,train,65,1,50
32251,train,65,1,55
32252,train,65,1,55
32253,test,65,1,28
32254,train,65,1,29
32255,val,65,1,25
32257,train,65,1,41
32258,test,65,1,64
32259,train,65,1,63
32260,train,65,1,80
32261,train,65,1,78
32263,val,65,1,83
32319,train,44,1,29
32320,val,44,1,82
32321,train,44,1,30
32322,train,44,1,36
32323,val,44,1,35
32324,train,44,1,34
32325,val,44,1,103
32326,train,44,1,92
32327,train,44,1,55
32328,train,44,1,55
32329,test,44,1,55
32333,train,44,1,33
32334,train,44,1,94
32335,train,44,1,61
32336,train,44,1,56
32337,train,44,1,87
32338,train,44,1,87
32945,train,88,1,67
32946,train,88,1,82
32947,train,88,1,31
32948,val,88,1,34
32949,train,88,1,83
32950,test,88,1,79
32951,train,88,1,55
32953,train,88,1,29
32954,train,88,1,30
32955,train,88,1,28
32956,val,88,1,70
32957,train,88,1,53
32959,train,88,1,70
33266,train,23,1,64
33267,train,23,1,64
33268,val,23,1,46
33269,train,23,1,62
33270,val,23,1,67
33271,val,23,1,55
33273,train,23,1,32
33274,train,23,1,27
33277,train,23,1,68
33278,train,23,1,77
33279,train,23,1,119
33280,val,23,1,119
33281,train,23,1,88
33282,train,23,1,62
33283,train,23,1,68
33284,train,23,1,62
33285,train,23,1,87
33286,test,23,1,84
34685,test,45,1,38
34732,train,45,1,72
34733,train,45,1,74
34734,train,45,1,83
34736,train,45,1,32
34737,train,45,1,30
34738,train,45,1,131
34739,train,45,1,55
34741,train,45,1,55
34742,train,45,1,23
34743,test,45,1,100
34744,train,45,1,67
34745,train,45,1,53
34746,train,45,1,69
34822,test,24,1,49
34823,train,24,1,71
34824,train,24,1,58
34825,train,24,1,44
34826,train,24,1,36
34827,train,24,1,69
34828,val,24,1,53
34829,train,24,1,55
34830,train,24,1,26
34831,train,24,1,40
34832,train,24,1,36
34833,train,24,1,93
34834,test,24,1,79
34835,train,24,1,82
34836,test,24,1,57
34837,train,24,1,89
34838,train,24,1,56
34839,train,24,1,74
35452,train,89,1,106
35453,train,89,1,75
35454,train,89,1,89
35455,train,89,1,103
35456,train,89,1,100
35457,val,89,1,55
35458,train,89,1,43
35460,train,89,1,67
35461,val,89,1,86
35462,train,89,1,93
35463,train,89,1,99
35464,train,89,1,88
35465,train,89,1,63
35466,val,89,1,75
35467,train,89,1,73
35506,test,66,1,27
35509,train,66,1,80
35511,train,66,1,53
35512,train,66,1,47
35513,test,66,1,90
35514,train,66,1,23
35515,train,66,1,24
35516,train,66,1,42
35517,train,66,1,33
35518,train,66,1,35
35519,train,66,1,114
35520,train,66,1,57
35521,train,66,1,52
35522,train,66,1,58
35523,train,66,1,66
36927,test,25,1,46
36929,train,25,1,53
36930,train,25,1,58
36931,train,25,1,70
36932,train,25,1,64
36933,train,25,1,63
36934,val,25,1,33
36936,train,25,1,33
36937,train,25,1,39
36938,train,25,1,70
36939,train,25,1,62
36940,test,25,1,60
36941,train,25,1,77
36942,train,25,1,68
36944,train,25,1,69
36945,val,25,1,49
36946,train,25,1,80
37879,test,90,1,35
37881,train,90,1,103
37882,val,90,1,69
37883,train,90,1,58
37884,train,90,1,81
37885,train,90,1,55
37886,train,90,1,39
37887,val,90,1,69
37888,train,90,1,69
37889,train,90,1,53
37890,val,90,1,72
37891,train,90,1,69
37892,train,90,1,75
37893,train,90,1,62
37894,train,90,1,71
38482,test,13,1,68
38524,train,13,1,68
38525,test,13,1,56
38527,train,13,1,40
38529,train,13,1,91
38530,train,13,1,47
38531,test,13,1,55
38532,train,13,1,38
38533,val,13,1,46
38534,train,13,1,46
38536,train,13,1,65
38538,train,13,1,68
38539,train,13,1,89
38540,train,13,1,80
38541,train,13,1,74
38542,train,13,1,47
38544,train,13,1,71
38982,test,26,1,27
38990,train,26,1,78
38991,test,26,1,67
38994,val,26,1,67
38995,train,26,1,71
38996,train,26,1,55
38997,train,26,1,36
38999,train,26,1,27
39000,val,26,1,29
39001,train,26,1,70
39002,train,26,1,80
39003,train,26,1,65
39004,train,26,1,69
39005,test,26,1,63
39006,train,26,1,69
40114,test,27,1,52
40115,train,27,1,84
40116,train,27,1,68
40117,train,27,1,33
40118,val,27,1,75
40119,train,27,1,75
40120,train,27,1,30
40121,train,27,1,36
40122,train,27,1,89
40123,train,27,1,110
40124,train,27,1,99
40126,test,27,1,89
40128,train,27,1,50
40129,train,27,1,78
40130,train,27,1,78
40816,test,91,1,63
40834,train,91,1,35
40835,val,91,1,32
40836,train,91,1,32
40837,train,91,1,79
40838,train,91,1,53
40839,train,91,1,55
40840,val,91,1,42
40841,train,91,1,46
40842,train,91,1,75
40843,val,91,1,58
40844,train,91,1,89
40845,train,91,1,61
40846,train,91,1,55
40847,train,91,1,71
41008,test,92,1,43
41025,train,92,1,66
41026,train,92,1,67
41027,val,92,1,33
41028,train,92,1,39
41029,train,92,1,72
41030,train,92,1,55
41031,val,92,1,55
41032,train,92,1,38
41033,train,92,1,96
41034,val,92,1,96
41035,train,92,1,74
41036,train,92,1,50
41037,train,92,1,74
42827,train,67,1,60
42829,train,67,1,70
42830,train,67,1,60
42831,train,67,1,43
42832,train,67,1,42
42833,val,67,1,82
42835,train,67,1,55
42836,train,67,1,46
42838,train,67,1,61
42840,test,67,1,89
42841,val,67,1,94
42842,test,67,1,61
42843,train,67,1,63
42953,test,68,1,43
42956,train,68,1,64
42958,train,68,1,63
42959,train,68,1,88
42960,test,68,1,31
42961,train,68,1,42
42962,val,68,1,77
42963,train,68,1,52
42964,train,68,1,64
42966,train,68,1,64
42967,train,68,1,38
42969,train,68,1,29
42971,train,68,1,51
42972,train,68,1,77
42974,train,68,1,58
42976,val,68,1,56
42977,val,68,1,77
43166,val,69,1,92
43167,train,69,1,62
43168,train,69,1,28
43169,train,69,1,46
43170,train,69,1,75
43171,test,69,1,92
43172,train,69,1,55
43173,train,69,1,38
43174,train,69,1,74
43175,train,69,1,68
43176,val,69,1,75
43177,train,69,1,53
43178,val,69,1,61
43179,train,69,1,67
43180,train,69,1,68
45252,test,93,1,43
45261,train,93,1,67
45262,val,93,1,49
45263,train,93,1,34
45264,train,93,1,42
45265,train,93,1,73
45266,train,93,1,55
45267,val,93,1,44
45268,train,93,1,71
45269,train,93,1,56
45270,val,93,1,80
45271,train,93,1,53
45272,train,93,1,53
45273,train,93,1,74
45432,test,94,1,35
45433,train,94,1,79
45434,train,94,1,66
45435,val,94,1,55
45436,train,94,1,78
45437,train,94,1,55
45438,val,94,1,30
45439,train,94,1,89
45440,train,94,1,61
45441,val,94,1,96
45442,train,94,1,63
45443,train,94,1,66
48105,train,95,1,71
48106,train,95,1,31
48107,train,95,1,35
48108,val,95,1,58
48109,train,95,1,66
48111,train,95,1,29
48112,val,95,1,33
48114,train,95,1,43
48115,test,95,1,34
48117,train,95,1,55
48120,train,95,1,59
48122,train,95,1,46
48123,val,95,1,53
48124,val,95,1,63
48126,test,95,1,68
49173,test,96,1,87
49174,train,96,1,32
49175,train,96,1,39
49176,val,96,1,30
49178,train,96,1,74
49179,test,96,1,27
49180,test,96,1,55
49181,train,96,1,32
49182,val,96,1,26
49183,train,96,1,44
49184,train,96,1,72
49185,train,96,1,69
49186,train,96,1,52
49187,val,96,1,59
49188,train,96,1,68
49577,test,70,1,46
49595,train,70,1,81
49596,train,70,1,58
49597,train,70,1,35
49598,train,70,1,48
49599,train,70,1,73
49600,train,70,1,49
49601,train,70,1,53
49602,train,70,1,28
49603,train,70,1,71
49604,train,70,1,52
49605,train,70,1,92
49606,val,70,1,74
50036,val,71,1,52
50037,train,71,1,101
50038,train,71,1,81
50039,train,71,1,37
50040,train,71,1,37
50041,test,71,1,98
50042,train,71,1,55
50043,train,71,1,55
50044,train,71,1,23
50045,train,71,1,63
50046,train,71,1,31
50047,train,71,1,59
50048,train,71,1,68
50049,train,71,1,56
50050,test,71,1,57
50051,val,71,1,66
50052,val,71,1,69
51054,train,46,1,49
51056,train,46,1,84
51057,train,46,1,85
51058,train,46,1,81
51059,train,46,1,98
51060,train,46,1,41
51061,train,46,1,66
51063,train,46,1,63
51064,train,46,1,83
51066,test,46,1,87
51067,val,46,1,43
51068,test,46,1,23
51069,train,46,1,55
51070,train,46,1,93
51071,val,46,1,63
51072,train,46,1,54
51077,test,46,1,57
51081,val,46,1,67
51206,train,72,1,38
51220,val,72,1,70
51221,train,72,1,85
51223,train,72,1,34
51224,val,72,1,31
51225,train,72,1,81
51226,train,72,1,66
51227,val,72,1,87
51228,train,72,1,37
51229,train,72,1,21
51230,val,72,1,33
51231,train,72,1,38
51232,train,72,1,29
51233,test,72,1,37
51234,test,72,1,52
51235,train,72,1,78
51236,train,72,1,82
53258,test,97,1,43
53268,train,97,1,64
53269,val,97,1,58
53270,train,97,1,40
53271,train,97,1,73
53272,train,97,1,32
53273,train,97,1,29
53274,val,97,1,30
53275,train,97,1,36
53276,train,97,1,83
53277,val,97,1,61
53278,train,97,1,65
53279,train,97,1,68
55356,test,47,1,41
55361,train,47,1,154
55362,train,47,1,93
55363,train,47,1,68
55364,train,47,1,36
55365,train,47,1,87
55366,train,47,1,63
55367,train,47,1,55
55368,train,47,1,33
55369,train,47,1,86
55370,train,47,1,59
55371,val,47,1,57
55372,train,47,1,80
55373,val,47,1,53
55374,train,47,1,70
55375,test,47,1,73
56552,test,28,1,49
56556,train,28,1,62
56557,train,28,1,41
56558,train,28,1,87
56560,train,28,1,53
56563,train,28,1,35
56564,train,28,1,81
56566,train,28,1,88
56567,test,28,1,70
56568,train,28,1,84
56569,train,28,1,107
56571,train,28,1,106
56573,train,28,1,158
56574,train,28,1,108
56576,train,28,1,169
56577,train,28,1,131
56578,val,28,1,156
56579,train,28,1,61
56835,test,48,1,46
56837,train,48,1,92
56838,train,48,1,82
56839,train,48,1,41
56840,val,48,1,30
56841,train,48,1,40
56842,train,48,1,45
56843,test,48,1,77
56844,train,48,1,93
56845,val,48,1,55
56846,train,48,1,36
56848,train,48,1,31
56849,train,48,1,65
56850,val,48,1,69
56851,train,48,1,62
56852,train,48,1,72
57273,test,98,1,33
57276,train,98,1,94
57277,train,98,1,40
57278,test,98,1,66
57279,train,98,1,55
57280,train,98,1,55
57281,train,98,1,55
57282,val,98,1,38
57283,train,98,1,48
57284,train,98,1,38
57285,val,98,1,37
57286,train,98,1,35
57287,train,98,1,35
57288,train,98,1,65
57289,train,98,1,60
57290,val,98,1,48
57291,train,98,1,70
57628,val,29,1,203
57629,val,29,1,72
57630,train,29,1,58
57631,train,29,1,58
57632,train,29,1,21
57633,train,29,1,74
57634,train,29,1,51
57635,train,29,1,72
57636,train,29,1,57
57637,test,29,1,55
57638,train,29,1,50
57639,val,29,1,52
57640,test,29,1,42
57641,train,29,1,26
57642,train,29,1,48
57643,train,29,1,58
57645,train,29,1,73
57646,test,29,1,52
57647,train,29,1,71
57919,train,14,1,43
57933,val,14,1,77
57934,train,14,1,77
57935,train,14,1,77
57936,train,14,1,30
57937,train,14,1,28
57939,train,14,1,33
57940,train,14,1,27
57941,test,14,1,31
57942,train,14,1,63
57943,test,14,1,101
57944,test,14,1,55
57945,val,14,1,55
57947,train,14,1,40
57948,val,14,1,46
57949,train,14,1,46
57950,train,14,1,57
57952,train,14,1,77
57953,train,14,1,74
58359,test,99,1,46
58360,train,99,1,71
58361,train,99,1,74
58362,train,99,1,50
58363,train,99,1,58
58364,train,99,1,38
58365,val,99,1,59
58366,train,99,1,33
58367,train,99,1,49
58368,val,99,1,54
58369,train,99,1,55
58370,val,99,1,61
58488,test,73,1,54
58497,val,73,1,97
58498,train,73,1,64
58499,train,73,1,66
58500,train,73,1,55
58501,train,73,1,46
58502,test,73,1,52
58503,train,73,1,25
58504,train,73,1,83
58505,train,73,1,95
58506,train,73,1,99
58507,val,73,1,73
58508,train,73,1,65
62152,test,15,1,54
62158,val,15,1,80
62159,train,15,1,74
62160,test,15,1,26
62163,train,15,1,30
62164,train,15,1,69
62165,train,15,1,53
62166,test,15,1,55
62168,train,15,1,60
62169,train,15,1,54
62170,train,15,1,36
62171,train,15,1,63
62172,train,15,1,91
62173,train,15,1,68
62174,train,15,1,60
62175,train,15,1,82
62241,test,74,1,43
62244,val,74,1,70
62245,train,74,1,62
62246,train,74,1,64
62247,test,74,1,32
62248,train,74,1,44
62249,train,74,1,22
62250,train,74,1,23
62251,train,74,1,33
62253,train,74,1,65
62254,val,74,1,130
62256,train,74,1,72
62257,train,74,1,67
62258,train,74,1,50
62259,train,74,1,72
62944,val,30,1,29
62964,train,30,1,78
62965,val,30,1,63
62966,train,30,1,26
62967,test,30,1,23
62968,train,30,1,45
62970,train,30,1,75
62971,train,30,1,55
62973,train,30,1,46
62975,test,30,1,45
62979,train,30,1,33
62982,train,30,1,80
62984,train,30,1,52
62986,train,30,1,57
62987,test,30,1,83
62988,val,30,1,74
63191,test,49,1,41
63200,train,49,1,93
63201,test,49,1,72
63202,train,49,1,62
63203,train,49,1,31
63204,train,49,1,39
63205,train,49,1,68
63206,train,49,1,55
63207,train,49,1,21
63208,train,49,1,33
63209,train,49,1,72
63210,train,49,1,76
63211,val,49,1,58
63212,train,49,1,80
63213,val,49,1,43
63214,train,49,1,62
63219,test,7,1,66
63225,train,7,1,94
63226,test,7,1,58
63227,train,7,1,32
63228,train,7,1,35
63229,val,7,1,49
63230,val,7,1,53
63231,train,7,1,79
63232,train,7,1,132
63233,test,7,1,55
63234,val,7,1,58
63236,train,7,1,39
63237,val,7,1,39
63238,train,7,1,56
63239,train,7,1,84
63240,train,7,1,62
63241,train,7,1,65
63242,train,7,1,74
63662,test,31,1,52
63664,test,31,1,103
63665,train,31,1,62
63666,train,31,1,60
63667,train,31,1,27
63668,train,31,1,28
63669,val,31,1,80
63670,train,31,1,53
63671,train,31,1,53
63672,train,31,1,26
63673,train,31,1,37
63675,test,31,1,64
63676,train,31,1,48
63677,train,31,1,66
63678,train,31,1,47
63679,train,31,1,59
63769,test,75,1,43
63788,val,75,1,132
63789,test,75,1,64
63790,train,75,1,68
63791,train,75,1,37
63792,train,75,1,44
63793,train,75,1,66
63794,train,75,1,55
63795,val,75,1,34
63799,train,75,1,43
63801,train,75,1,64
63802,train,75,1,82
63803,train,75,1,71
63804,train,75,1,68
63805,train,75,1,56
63806,train,75,1,62
64082,test,50,1,52
64084,train,50,1,77
64085,train,50,1,52
64086,train,50,1,34
64087,train,50,1,67
64088,train,50,1,57
64089,train,50,1,33
64090,train,50,1,23
64091,train,50,1,31
64092,train,50,1,69
64093,train,50,1,49
64094,train,50,1,57
64095,val,50,1,53
64096,train,50,1,58
64097,test,50,1,68
64201,test,16,1,66
64209,test,16,1,60
64210,test,16,1,68
64211,val,16,1,44
64212,train,16,1,45
64213,train,16,1,83
64215,train,16,1,53
64216,val,16,1,28
64217,train,16,1,68
64218,train,16,1,50
64219,train,16,1,24
64221,train,16,1,74
64222,train,16,1,82
64223,train,16,1,59
64224,train,16,1,80
64275,test,17,1,60
64280,train,17,1,54
64281,train,17,1,61
64283,train,17,1,23
64284,train,17,1,48
64287,val,17,1,58
64288,train,17,1,47
64289,train,17,1,55
64290,train,17,1,55
64291,train,17,1,48
64292,train,17,1,41
64293,test,17,1,46
64294,train,17,1,52
64295,train,17,1,52
64296,train,17,1,102
64297,test,17,1,41
64298,val,17,1,82
64299,train,17,1,50
64300,train,17,1,77
65009,train,51,1,58
65029,train,76,1,69
65043,train,18,1,64
65084,train,52,1,65
65085,train,52,1,60
65086,val,52,1,65
65144,train,77,1,55
65145,train,77,1,49
65161,train,32,1,60
65162,train,32,1,55
65163,val,32,1,52
65167,train,3,1,60
65187,train,53,1,69
65192,train,78,1,65
65200,train,19,1,49
65216,train,33,1,61
65225,train,0,1,64
65241,train,34,1,64
65242,train,34,1,77
65263,train,79,1,69
65278,train,80,1,63
65294,val,35,1,55
65298,train,8,1,61
65299,train,8,1,65
65300,test,8,1,67
65328,train,4,1,61
65332,train,54,1,61
65341,val,81,1,79
65342,val,81,1,65
65362,train,82,1,63
65363,train,82,1,68
65402,val,20,1,55
65403,train,20,1,77
65408,train,56,1,66
65409,train,56,1,56
65415,test,9,1,73
65434,train,58,1,72
65439,train,59,1,63
65440,train,59,1,65
65445,train,10,1,54
65449,train,84,1,56
65450,train,84,1,63
65503,train,60,1,50
65504,train,60,1,50
65506,test,36,1,78
65507,train,36,1,59
65539,train,1,1,46
65540,train,1,1,48
65601,train,61,1,64
65635,train,62,1,76
65677,train,37,1,71
65717,test,11,1,47
65721,train,21,1,45
65731,train,38,1,45
65761,test,63,1,44
65792,val,85,1,44
65824,train,5,1,43
65843,val,39,1,74
65884,test,41,1,76
65889,train,12,1,65
65890,train,12,1,61
65891,val,12,1,61
65996,train,42,1,64
66007,train,43,1,55
66008,train,43,1,63
66010,train,65,1,54
66014,train,44,1,63
66015,val,44,1,51
66038,train,88,1,61
66097,val,45,1,67
66098,train,45,1,72
66099,train,45,1,63
66111,test,89,1,75
66112,val,66,1,74
66146,train,25,1,64
66147,train,25,1,69
66183,train,13,1,58
66246,train,27,1,55
66296,train,67,1,68
66297,train,68,1,56
66351,train,93,1,54
66355,train,94,1,66
66441,train,71,1,48
66469,train,72,1,40
66531,train,97,1,68
66532,train,97,1,61
66575,train,47,1,52
66591,val,48,1,54
66592,train,48,1,69
66606,train,14,1,65
66607,val,14,1,75
66637,train,99,1,72
66638,train,99,1,77
66639,train,99,1,64
66640,train,99,1,58
66644,train,73,1,79
66742,train,15,1,69
66743,train,15,1,55
66769,train,30,1,49
66778,train,7,1,60
66779,train,7,1,56
66780,train,7,1,61
66798,train,31,1,51
66799,train,31,1,57
66804,train,75,1,56
66816,train,16,1,60
66818,train,16,1,55
66820,train,17,1,49
67003,train,75,1,36
67009,train,50,1,41
67010,val,50,1,64
67012,train,16,1,48
67036,train,15,1,57
67038,train,74,1,56
67057,train,30,1,60
67058,train,30,1,63
67066,train,7,1,41
67078,train,31,1,43
67081,train,69,1,39
67111,train,93,1,53
67114,train,94,1,39
67142,train,95,1,45
67143,train,95,1,74
67159,train,96,1,62
67161,train,96,1,44
67170,val,70,1,43
67177,test,71,1,34
67188,train,46,1,47
67227,train,97,1,55
67275,test,28,1,33
67278,test,48,1,49
67279,train,48,1,44
67287,train,98,1,48
67292,train,29,1,69
67299,train,14,1,46
67306,train,99,1,43
67309,train,73,1,37
67342,val,51,1,43
67350,train,76,1,81
67356,train,18,1,54
67367,train,52,1,30
67392,train,77,1,33
67400,val,32,1,24
67411,train,53,1,31
67413,train,78,1,59
67414,train,19,1,46
67420,val,33,1,40
67424,train,0,1,33
67431,train,34,1,33
67446,train,79,1,52
67451,train,80,1,56
67465,val,35,1,64
67468,val,8,1,43
67470,train,8,1,45
67483,val,4,1,27
67489,train,81,1,42
67490,val,81,1,69
67501,train,82,1,38
67514,val,55,1,45
67519,test,2,1,36
67527,train,83,1,61
67530,test,56,1,43
67531,train,56,1,53
67535,test,9,1,53
67536,train,57,1,31
67550,val,58,1,47
67555,train,84,1,48
67556,train,84,1,52
67578,test,36,1,31
67579,test,60,1,30
67594,train,1,1,37
67610,train,61,1,39
67611,val,61,1,46
67624,train,62,1,48
67642,val,37,1,50
67659,train,11,1,48
67660,train,11,1,37
67663,train,21,1,44
67667,val,38,1,33
67697,train,85,1,53
67715,test,5,1,53
67722,test,39,1,56
67745,val,40,1,28
67750,val,41,1,43
67757,train,12,1,47
67776,train,86,1,46
67802,train,87,1,50
67817,train,42,1,46
67826,val,65,1,39
67827,val,43,1,59
67829,test,44,1,46
67840,train,88,1,43
67872,val,45,1,41
67873,train,24,1,57
67886,val,66,1,52
67890,train,89,1,44
67908,test,25,1,39
67925,train,90,1,56
67934,train,13,1,43
67937,train,26,1,52
67949,test,27,1,29
67958,train,91,1,59
67961,train,92,1,30
67990,train,67,1,67
68001,val,18,1,87
68003,train,52,1,84
68007,train,3,1,87
68010,train,33,1,44
68011,train,0,1,47
68012,train,0,1,96
68016,train,80,1,42
68018,train,8,1,87
68019,train,4,1,47
68024,train,6,1,62
68027,train,55,1,49
68028,train,2,1,89
68029,train,83,1,87
68032,val,58,1,107
68033,train,10,1,108
68035,val,36,1,123
68041,train,1,1,89
68042,val,1,1,76
68044,train,61,1,67
68046,train,62,1,103
68048,train,11,1,78
68050,train,21,1,84
68053,val,63,1,101
68054,train,63,1,44
68068,train,40,1,59
68070,train,41,1,129
68079,train,87,1,44
68084,train,43,1,52
68085,train,43,1,126
68086,train,65,1,37
68089,val,88,1,44
68093,test,23,1,78
68099,val,66,1,52
68110,val,13,1,111
68114,train,26,1,84
68122,train,27,1,52
68125,train,91,1,106
68127,train,92,1,57
68132,test,67,1,44
68133,train,69,1,90
68137,train,94,1,49
68142,train,95,1,47
68145,test,70,1,116
68162,train,47,1,119
68171,train,73,1,82
68177,val,15,1,143
68178,train,74,1,73
68182,train,49,1,34
68183,train,7,1,44
68187,val,31,1,117
68189,val,50,1,52
68190,val,16,1,111
68192,val,17,1,87
68202,train,55,1,44
68208,train,0,1,60
68218,train,70,1,54
68230,val,19,1,49
68274,train,33,1,36
68288,train,69,1,88
68292,train,5,1,65
68294,train,73,1,80
68320,test,87,1,49
68330,train,30,1,55
68336,test,97,1,57
68338,train,78,1,47
68344,val,62,1,128
68350,train,41,1,143
68364,test,91,1,91
68368,train,80,1,39
68374,train,82,1,61
68396,train,40,1,53
68398,val,67,1,61
68406,val,13,1,54
68416,val,16,1,64
68428,val,47,1,84
68446,test,92,1,56
68510,train,70,1,64
68520,train,61,1,65
68528,train,39,1,41
68538,val,1,1,71
68540,train,74,1,38
68544,train,90,1,59
68576,train,52,1,59
68580,train,4,1,51
68586,train,10,80,137
68592,train,9,1,39
68612,train,77,1,74
68622,train,49,1,44
68624,train,47,1,117
68632,train,36,1,67
68636,test,88,1,46
68660,train,1,1,54
68674,train,21,1,53
68688,train,21,1,42
68692,train,63,1,47
68694,train,26,1,69
68720,test,18,1,69
68726,train,94,1,59
68764,val,31,1,54
68770,train,26,50,116
68790,train,8,1,63
68794,train,45,1,51
68810,test,89,1,102
68842,train,60,1,102
68852,val,15,1,64
68856,train,96,1,39
68870,train,6,1,51
68890,train,7,1,54
68904,val,43,1,69
68918,val,15,1,120
68924,val,75,1,62
68928,train,46,1,56
68954,val,86,1,64
68972,val,28,1,54
68974,train,66,1,59
68988,train,58,1,56
68992,train,16,1,147
69004,train,83,1,43
69016,train,37,1,52
69028,train,79,1,51
69048,train,58,1,123
69054,train,2,1,72
69068,train,65,1,52
69086,train,61,1,59
69092,train,29,1,49
69206,train,18,1,76
69213,val,52,1,78
69225,test,77,1,79
69233,val,53,1,72
69236,val,19,1,54
69238,val,33,1,53
69241,train,0,1,64
69252,test,79,1,62
69257,test,35,1,48
69269,test,82,1,78
69274,val,55,1,92
69281,train,20,1,66
69282,train,56,1,74
69283,train,57,1,68
69290,train,59,1,59
69298,train,36,1,69
69302,val,1,1,66
69307,val,61,1,53
69316,val,37,1,73
69325,train,38,1,80
69343,train,64,1,79
69345,val,5,1,58
69359,val,40,1,84
69364,val,12,1,64
69368,val,22,1,49
69370,test,86,1,77
69389,test,23,1,51
69395,val,45,1,65
69396,val,24,1,76
69402,val,25,1,71
69411,val,13,1,58
69413,val,26,1,52
69422,val,27,1,51
69430,train,67,1,58
69431,test,68,1,64
69433,test,69,1,63
69439,test,93,1,101
69440,test,94,1,52
69455,val,70,1,59
69511,val,73,1,53
69524,val,74,1,59
69531,val,30,1,54
69533,val,49,1,64
69534,train,7,1,54
69546,val,17,1,62
70015,train,10,4420,4511
70016,val,41,4707,4798
70026,test,99,1402,1493
70029,test,85,3367,3478
70030,test,83,3522,3613
70049,train,60,7390,7475
70051,train,62,7902,8018
70107,train,53,830,933
70119,test,84,4053,4158
70132,train,50,1683,1814
70152,train,58,7250,7361
70173,val,1,5710,5831
70176,val,39,6345,6474
70207,train,70,1068,1179
70211,train,92,2006,2106
70212,val,0,2150,2249
70230,train,4,2101,2231
70234,test,11,4638,4746
70237,test,90,5549,5666
70242,train,79,869,964
70244,train,19,1146,1241
70245,train,49,1285,1384
70246,train,67,1429,1537
70247,train,94,1581,1681
70249,train,27,1858,1971
70263,train,4,3092,3209
70266,train,0,3732,3852
70270,val,22,4497,4596
70271,test,20,4948,5095
70295,train,86,4221,4314
70296,train,50,4359,4470
70299,train,23,5546,5667
70306,train,16,860,989
70308,val,24,1524,1638
70309,train,52,1682,1790
70310,val,27,1835,1938
70323,val,28,4848,4943
70325,test,88,5137,5241
70326,train,8,5286,5411
70332,train,9,1161,1262
70335,train,97,1749,1869
70345,train,26,4000,4107
70348,train,3,4778,4873
70355,train,72,6591,6697
70356,train,73,6741,6836
70357,train,78,6881,7016
70359,train,78,7225,7324
70361,test,21,7669,7786
70376,train,63,4255,4351
70378,train,93,5233,5344
70379,val,54,5827,5943
05237,train,77,1,55
06365,train,78,1,64
06335,test,53,1,94
06334,train,53,1,20
06337,train,53,1,55
06336,train,53,1,55
06331,train,53,1,63
06330,val,53,1,91
06333,train,53,1,37
06332,train,53,1,78
06339,train,53,1,84
06338,train,53,1,125
05734,train,3,1,69
05735,test,3,1,55
05736,val,3,1,12
05737,val,3,1,55
05730,train,3,1,32
05731,train,3,1,47
05732,train,3,1,73
05733,train,3,1,92
05739,test,3,1,44
05229,train,77,1,72
08437,train,80,1,73
07079,train,0,1,93
07078,train,0,1,79
07075,train,0,1,69
07074,train,0,1,33
07077,train,0,1,99
07076,train,0,1,90
07071,train,0,1,18
07070,train,0,1,73
07073,train,0,1,28
07072,test,0,1,18
07961,train,79,1,70
07964,val,79,1,55
05243,train,77,1,68
02003,train,18,1,65
02002,train,18,1,55
02000,train,18,1,58
06326,test,53,1,60
05741,test,3,1,28
05740,train,3,1,42
05743,train,3,1,41
05742,train,3,1,25
05744,train,3,1,58
05747,train,3,1,65
05746,val,3,1,42
05749,train,3,1,77
06476,val,19,1,28
07068,train,0,1,58
07069,train,0,1,31
06822,test,33,1,52
06483,test,19,1,69
06482,train,19,1,50
06481,test,19,1,89
06480,train,19,1,74
06486,train,19,1,94
06485,train,19,1,52
06484,train,19,1,81
05641,train,32,1,79
05642,train,32,1,77
05643,val,32,1,59
05644,train,32,1,72
01387,train,76,1,42
05750,val,3,1,85
09851,val,4,1,78
09850,train,4,1,32
09853,train,4,1,20
09855,test,4,1,79
09854,val,4,1,27
09857,train,4,1,102
09856,train,4,1,61
09859,train,4,1,98
09858,train,4,1,96
05227,test,77,1,46
06832,train,33,1,64
06833,train,33,1,59
06836,train,33,1,43
06837,train,33,1,49
06834,train,33,1,43
06835,train,33,1,68
06838,train,33,1,34
06839,train,33,1,31
01912,val,18,1,43
06361,train,78,1,80
06366,test,78,1,84
06367,train,78,1,82
09847,test,4,1,52
09848,train,4,1,96
09849,train,4,1,69
08427,train,80,1,48
08426,val,80,1,73
08425,test,80,1,24
08424,train,80,1,62
08421,val,80,1,35
08429,test,80,1,36
08428,train,80,1,55
07957,test,79,1,41
08935,train,35,1,50
08937,train,35,1,76
08936,train,35,1,54
08939,train,35,1,55
08938,train,35,1,49
08431,train,80,1,26
06371,train,78,1,66
06370,test,78,1,47
08432,val,80,1,63
08433,train,80,1,63
08434,train,80,1,58
08435,train,80,1,58
08436,test,80,1,49
07963,train,79,1,74
07962,train,79,1,52
07960,train,79,1,78
07967,train,79,1,89
07966,train,79,1,28
07969,train,79,1,113
07968,val,79,1,62
09867,test,4,1,94
08926,train,8,1,67
08927,train,8,1,63
08924,train,8,1,25
08925,test,8,1,36
08922,val,8,1,33
08923,train,8,1,39
08920,train,8,1,64
08921,train,8,1,50
08928,train,8,1,60
08929,val,8,1,70
05241,train,77,1,68
06368,train,78,1,82
06369,val,78,1,81
06362,val,78,1,53
06363,train,78,1,56
06360,test,78,1,76
09869,train,4,1,79
09860,train,4,1,118
09861,train,4,1,100
09862,val,4,1,103
09863,train,4,1,77
09865,train,4,1,113
09866,train,4,1,80
07971,train,79,1,74
07972,train,79,1,55
07973,val,79,1,71
08917,train,8,1,28
08916,train,8,1,75
08915,test,8,1,80
08919,train,8,1,74
08918,val,8,1,27
06355,val,78,1,41
06359,train,78,1,50
03004,test,52,1,50
03005,train,52,1,38
03006,train,52,1,58
03007,train,52,1,64
03000,train,52,1,89
03001,train,52,1,78
03002,train,52,1,57
03003,train,52,1,108
03008,train,52,1,75
02999,val,52,1,72
02997,test,52,1,46
08909,train,8,1,46
06340,val,53,1,59
06341,train,53,1,121
06342,train,53,1,58
06343,train,53,1,70
05639,test,32,1,55
05638,train,32,1,32
05635,train,32,1,55
05634,train,32,1,88
05637,train,32,1,43
05636,train,32,1,57
05631,train,32,1,25
05630,train,32,1,74
05633,train,32,1,28
05632,train,32,1,34
01987,train,18,1,64
01986,test,18,1,83
01989,train,18,1,64
01988,train,18,1,122
06455,test,19,1,43
05628,test,32,1,43
05748,train,3,1,72
05629,train,32,1,69
09967,train,54,1,39
09966,train,54,1,62
09961,train,54,1,53
09960,train,54,1,83
09963,train,54,1,44
09962,train,54,1,55
09969,train,54,1,64
09968,train,54,1,68
01990,train,18,1,30
01991,train,18,1,43
01992,train,18,1,51
01995,train,18,1,80
01996,test,18,1,65
01997,val,18,1,60
01999,val,18,1,77
00625,test,51,1,35
00624,train,51,1,93
00627,val,51,1,28
00626,val,51,1,46
00623,train,51,1,104
00629,train,51,1,126
00628,train,51,1,31
01388,train,76,1,104
01385,train,76,1,50
01384,train,76,1,56
01386,test,76,1,43
01383,train,76,1,124
01382,val,76,1,38
09970,train,54,1,72
08955,train,35,1,66
08953,train,35,1,55
08952,train,35,1,72
08951,train,35,1,68
08950,train,35,1,67
00636,train,51,1,70
00634,test,51,1,35
00635,test,51,1,83
00632,train,51,1,48
00633,train,51,1,23
00630,train,51,1,54
00631,train,51,1,64
06478,train,19,1,38
00638,train,51,1,51
00639,train,51,1,89
06471,train,19,1,66
01398,val,76,1,67
01396,train,76,1,56
01397,test,76,1,63
01394,test,76,1,72
01395,train,76,1,103
01392,train,76,1,63
01393,train,76,1,61
01390,train,76,1,53
01391,val,76,1,41
09945,test,54,1,35
09949,train,54,1,79
07389,train,34,1,70
07388,val,34,1,70
07383,test,34,1,41
08942,train,35,1,35
08944,train,35,1,34
08945,val,35,1,59
08946,train,35,1,59
08947,test,35,1,72
08948,train,35,1,63
08949,train,35,1,47
05238,train,77,1,36
05728,train,3,1,27
05231,train,77,1,34
05233,train,77,1,101
05232,val,77,1,32
05236,val,77,1,53
06472,train,19,1,78
06473,train,19,1,58
06477,train,19,1,21
06474,train,19,1,68
06475,train,19,1,55
09954,train,54,1,32
09955,val,54,1,64
09956,train,54,1,30
09957,val,54,1,84
09950,test,54,1,69
09953,train,54,1,75
07394,train,34,1,83
07395,train,34,1,36
07396,train,34,1,43
07397,train,34,1,44
07390,train,34,1,29
07391,train,34,1,27
07392,train,34,1,31
07393,train,34,1,53
07398,val,34,1,48
07399,train,34,1,56
01998,train,18,1,73
07400,test,34,1,32
07401,train,34,1,63
07402,train,34,1,64
07403,val,34,1,81
00618,train,51,1,24
06842,train,33,1,78
07097,train,0,1,63
07096,val,0,1,83
07095,test,0,1,86
07094,val,0,1,88
07093,test,0,1,85
07092,test,0,1,78
07091,train,0,1,75
07090,train,0,1,95
07099,val,0,1,74
07098,val,0,1,124
05239,val,77,1,42
05729,train,3,1,45
05230,train,77,1,83
05727,test,3,1,74
05234,train,77,1,80
05724,train,3,1,41
06843,val,33,1,78
06841,train,33,1,101
06840,train,33,1,55
06845,test,33,1,73
06844,train,33,1,59
07080,train,0,1,104
07081,train,0,1,75
07082,train,0,1,82
07083,val,0,1,98
07084,train,0,1,80
07085,train,0,1,93
07086,train,0,1,100
07087,train,0,1,80
07088,train,0,1,87
07089,train,0,1,77
